## Задача 1
```
docker run --name 6.3MySQL -v ~/6.3MySQL:/var/lib/mysql -e MYSQL_ROOT_PASSWORD=password -d mysql:8
```

```
docker exec -i 6.3MySQL sh -c 'exec mysql -uroot -p"$MYSQL_ROOT_PASSWORD" test_db' < /root/6.3MySQL/test_dump.sql
```
### Статус сервера
Server version:         8.0.27 MySQL Community Server - GPL

```
mysql> \s
--------------
mysql  Ver 8.0.27 for Linux on x86_64 (MySQL Community Server - GPL)
Connection id:		12
Current database:	
Current user:		root@localhost
SSL:			Not in use
Current pager:		stdout
Using outfile:		''
Using delimiter:	;
Server version:		8.0.27 MySQL Community Server - GPL
Protocol version:	10
Connection:		Localhost via UNIX socket
Server characterset:	utf8mb4
Db     characterset:	utf8mb4
Client characterset:	latin1
Conn.  characterset:	latin1
UNIX socket:		/var/run/mysqld/mysqld.sock
Binary data as:		Hexadecimal
Uptime:			20 min 55 sec
Threads: 2  Questions: 58  Slow queries: 0  Opens: 171  Flush tables: 3  Open tables: 89  Queries per second avg: 0.046
--------------
```

### Вывод списка таблиц базы test_db:

```
mysql> show tables from test_db;
+-------------------+
| Tables_in_test_db |
+-------------------+
| orders            |
+-------------------+
1 row in set (0.00 sec)
```

### Вывод price > 300:

```
mysql> use test_db;
Database changed
mysql> select * from orders where price > 300;
+----+----------------+-------+
| id | title          | price |
+----+----------------+-------+
|  2 | My little pony |   500 |
+----+----------------+-------+
1 row in set (0.00 sec)
```



## Задача 2

### Создание пользователя

```
mysql> CREATE USER 'test'@'localhost' IDENTIFIED WITH mysql_native_password BY 'test-pass'
    -> WITH MAX_QUERIES_PER_HOUR 100
    -> FAILED_LOGIN_ATTEMPTS 3
    -> PASSWORD EXPIRE INTERVAL 180 DAY 
    -> ATTRIBUTE '{"name": "James", "lastname": "Pretty"}';
Query OK, 0 rows affected (0.02 sec)
```

### Модификация прав

```
mysql> GRANT SELECT on test_db.* TO 'test'@'localhost';
Query OK, 0 rows affected, 1 warning (0.01 sec)
```

### Данные о пользователе test

```
mysql> SELECT * FROM INFORMATION_SCHEMA.USER_ATTRIBUTES WHERE USER = 'test';
+------+-----------+-----------------------------------------+
| USER | HOST      | ATTRIBUTE                               |
+------+-----------+-----------------------------------------+
| test | localhost | {"name": "James", "lastname": "Pretty"} |
+------+-----------+-----------------------------------------+
1 row in set (0.01 sec)
```
## Задача 3

```
mysql> set profiling = 1;
Query OK, 0 rows affected, 1 warning (0.00 sec)

mysql> show profiles;
+----------+------------+-----------------------------------------------+
| Query_ID | Duration   | Query                                         |
+----------+------------+-----------------------------------------------+
|        1 | 0.00064475 | select count(*) from orders where price > 300 |
|        2 | 0.00010800 | show database                                 |
|        3 | 0.00324875 | show databases                                |
|        4 | 0.00016800 | SELECT DATABASE()                             |
|        5 | 0.00050475 | show databases                                |
|        6 | 0.00224350 | show tables                                   |
|        7 | 0.00019400 | set profiling = 1                             |
+----------+------------+-----------------------------------------------+
7 rows in set, 1 warning (0.00 sec)
#Показывает время выполнения запроса.

mysql> SELECT TABLE_NAME, ENGINE FROM information_schema.TABLES where TABLE_NAME = 'orders';
+------------+--------+
| TABLE_NAME | ENGINE |
+------------+--------+
| orders     | InnoDB |
+------------+--------+
1 row in set (0.00 sec)

mysql> show profiles;
+----------+------------+--------------------------------------------------------------------------------------+
| Query_ID | Duration   | Query                                                                                |
+----------+------------+--------------------------------------------------------------------------------------+
|        1 | 0.00064475 | select count(*) from orders where price > 300                                        |
|        2 | 0.00010800 | show database                                                                        |
|        3 | 0.00324875 | show databases                                                                       |
|        4 | 0.00016800 | SELECT DATABASE()                                                                    |
|        5 | 0.00050475 | show databases                                                                       |
|        6 | 0.00224350 | show tables                                                                          |
|        7 | 0.00019400 | set profiling = 1                                                                    |
|        8 | 0.00085425 | SELECT TABLE_NAME, ENGINE FROM information_schema.TABLES where TABLE_NAME = 'orders' |
+----------+------------+--------------------------------------------------------------------------------------+
8 rows in set, 1 warning (0.00 sec)

mysql> ALTER TABLE orders ENGINE = MyISAM;
Query OK, 5 rows affected (0.01 sec)
Records: 5  Duplicates: 0  Warnings: 0

mysql> select * from orders;
+----+-----------------------+-------+
| id | title                 | price |
+----+-----------------------+-------+
|  1 | War and Peace         |   100 |
|  2 | My little pony        |   500 |
|  3 | Adventure mysql times |   300 |
|  4 | Server gravity falls  |   300 |
|  5 | Log gossips           |   123 |
+----+-----------------------+-------+
5 rows in set (0.00 sec)

mysql> ALTER TABLE orders ENGINE = InnoDB;
Query OK, 5 rows affected (0.02 sec)
Records: 5  Duplicates: 0  Warnings: 0

mysql> select * from orders;
+----+-----------------------+-------+
| id | title                 | price |
+----+-----------------------+-------+
|  1 | War and Peace         |   100 |
|  2 | My little pony        |   500 |
|  3 | Adventure mysql times |   300 |
|  4 | Server gravity falls  |   300 |
|  5 | Log gossips           |   123 |
+----+-----------------------+-------+
5 rows in set (0.00 sec)

mysql> SHOW PROFILES;
+----------+------------+--------------------------------------------------------------------------------------+
| Query_ID | Duration   | Query                                                                                |
+----------+------------+--------------------------------------------------------------------------------------+
|        1 | 0.00064475 | select count(*) from orders where price > 300                                        |
|        2 | 0.00010800 | show database                                                                        |
|        3 | 0.00324875 | show databases                                                                       |
|        4 | 0.00016800 | SELECT DATABASE()                                                                    |
|        5 | 0.00050475 | show databases                                                                       |
|        6 | 0.00224350 | show tables                                                                          |
|        7 | 0.00019400 | set profiling = 1                                                                    |
|        8 | 0.00085425 | SELECT TABLE_NAME, ENGINE FROM information_schema.TABLES where TABLE_NAME = 'orders' |
|        9 | 0.01897550 | ALTER TABLE orders ENGINE = MyISAM                                                   |
|       10 | 0.00036650 | select * from orders                                                                 |
|       11 | 0.01902375 | ALTER TABLE orders ENGINE = InnoDB                                                   |
|       12 | 0.00033675 | select * from orders                                                                 |
+----------+------------+--------------------------------------------------------------------------------------+
12 rows in set, 1 warning (0.00 sec)

select на InnoDB выполняется дольше, чем на MyISAM
```
## Задача 4

```
# Copyright (c) 2017, Oracle and/or its affiliates. All rights reserved.
#
# This program is free software; you can redistribute it and/or modify
# it under the terms of the GNU General Public License as published by
# the Free Software Foundation; version 2 of the License.
#
# This program is distributed in the hope that it will be useful,
# but WITHOUT ANY WARRANTY; without even the implied warranty of
# MERCHANTABILITY or FITNESS FOR A PARTICULAR PURPOSE.  See the
# GNU General Public License for more details.
#
# You should have received a copy of the GNU General Public License
# along with this program; if not, write to the Free Software
# Foundation, Inc., 51 Franklin St, Fifth Floor, Boston, MA  02110-1301 USA
#
# The MySQL  Server configuration file.
#
# For explanations see
# http://dev.mysql.com/doc/mysql/en/server-system-variables.html
[mysqld]
pid-file        = /var/run/mysqld/mysqld.pid
socket          = /var/run/mysqld/mysqld.sock
datadir         = /var/lib/mysql
secure-file-priv= NULL
innodb_buffer_pool_size        = 5G
innodb_log_file_size           = 100M
innodb_log_buffer_size         = 1M
innodb_file_per_table          = 1
innodb_flush_method            = O_DSYNC
innodb_flush_log_at_trx_commit = 2
query_cache_size               = 0
# Custom config should go here
!includedir /etc/mysql/conf.d/
```
